{
  "n_images_evaluated": 63,
  "score_threshold": 0.5,
  "iou_threshold": 0.5,
  "fps_images_per_sec": 0.12997585199074843,
  "latency_ms_per_image_mean": 7693.7368340634475,
  "trainable_parameters": 64036300,
  "micro_precision_iou50": 0.8574660633484162,
  "micro_recall_iou50": 0.6512027491408935,
  "micro_f1_iou50": 0.740234375,
  "torchmetrics": {
    "map": 0.365189790725708,
    "map_50": 0.6431037187576294,
    "map_75": 0.3850855827331543,
    "map_small": 0.1233665719628334,
    "map_medium": 0.3370341360569,
    "map_large": 0.46527233719825745,
    "mar_1": 0.16378068923950195,
    "mar_10": 0.377228707075119,
    "mar_100": 0.40897780656814575,
    "mar_small": 0.15561725199222565,
    "mar_medium": 0.38913846015930176,
    "mar_large": 0.4998805522918701,
    "map_per_class": [
      0.31302425265312195,
      0.45317474007606506,
      0.2583368718624115,
      0.1648532748222351,
      0.4099956750869751,
      0.42537128925323486,
      0.5315723419189453
    ],
    "mar_100_per_class": [
      0.36626505851745605,
      0.5006493330001831,
      0.2963414490222931,
      0.19428572058677673,
      0.4749999940395355,
      0.4636363685131073,
      0.5666666626930237
    ],
    "classes": [
      0,
      1,
      2,
      3,
      4,
      5,
      6
    ]
  },
  "map": 0.365189790725708,
  "map_50": 0.6431037187576294,
  "map_75": 0.3850855827331543,
  "map_large": 0.46527233719825745,
  "map_medium": 0.3370341360569,
  "map_small": 0.1233665719628334,
  "mar_1": 0.16378068923950195,
  "mar_10": 0.377228707075119,
  "mar_100": 0.40897780656814575,
  "model": "yolov4_darknet",
  "split": "test",
  "weights_used": "/content/darknet/backup/yolov4-aquarium_best.weights",
  "class_names_0indexed": [
    "fish",
    "jellyfish",
    "penguin",
    "puffin",
    "shark",
    "starfish",
    "stingray"
  ]
}