{
  "n_images_evaluated": 63,
  "score_threshold": 0.5,
  "fps_images_per_sec": 0.1245,
  "latency_ms_per_image_mean": 8031.6303,
  "trainable_parameters": 41107511,
  "micro_precision_iou50": 0.357843,
  "micro_recall_iou50": 0.12543,
  "micro_f1_iou50": 0.185751,
  "torchmetrics": {
    "map": 0.012489022687077522,
    "map_50": 0.026334617286920547,
    "map_75": 0.011698683723807335,
    "map_small": 0.02583465166389942,
    "map_medium": 0.014325503259897232,
    "map_large": 0.0004243281437084079,
    "mar_1": 0.004934021737426519,
    "mar_10": 0.02203098125755787,
    "mar_100": 0.02306368388235569,
    "mar_small": 0.04866666719317436,
    "mar_medium": 0.023191094398498535,
    "mar_large": 0.004285714123398066,
    "map_per_class": [
      0.08742315322160721,
      0.0,
      0.0,
      0.0,
      0.0,
      0.0,
      0.0
    ],
    "mar_100_per_class": [
      0.16144578158855438,
      0.0,
      0.0,
      0.0,
      0.0,
      0.0,
      0.0
    ],
    "classes": [
      0,
      1,
      2,
      3,
      4,
      5,
      6
    ]
  },
  "map": 0.012489022687077522,
  "map_50": 0.026334617286920547,
  "map_75": 0.011698683723807335,
  "map_large": 0.0004243281437084079,
  "map_medium": 0.014325503259897232,
  "map_small": 0.02583465166389942,
  "mar_1": 0.004934021737426519,
  "mar_10": 0.02203098125755787,
  "mar_100": 0.02306368388235569,
  "model": "fasterrcnn_resnet50_fpn",
  "split": "test",
  "class_names_0indexed": [
    "fish",
    "jellyfish",
    "penguin",
    "puffin",
    "shark",
    "starfish",
    "stingray"
  ]
}