{
  "n_images_evaluated": 63,
  "score_threshold": 0.25,
  "fps_images_per_sec": 3.2316,
  "latency_ms_per_image_mean": 309.4486,
  "trainable_parameters": 24509160,
  "micro_precision_iou50": 0.231383,
  "micro_recall_iou50": 0.149485,
  "micro_f1_iou50": 0.181628,
  "torchmetrics": {
    "map": 0.01584530808031559,
    "map_50": 0.04543578624725342,
    "map_75": 0.0059205335564911366,
    "map_small": 0.003983283415436745,
    "map_medium": 0.02354130521416664,
    "map_large": 0.0009676807094365358,
    "mar_1": 0.005792471580207348,
    "mar_10": 0.02390017919242382,
    "mar_100": 0.026492739096283913,
    "mar_small": 0.007410852704197168,
    "mar_medium": 0.03627898916602135,
    "mar_large": 0.005226480774581432,
    "map_per_class": [
      0.03938113898038864,
      0.06850075721740723,
      0.0030352582689374685,
      0.0,
      0.0,
      0.0,
      0.0
    ],
    "mar_100_per_class": [
      0.06546184420585632,
      0.1077922061085701,
      0.012195121496915817,
      0.0,
      0.0,
      0.0,
      0.0
    ],
    "classes": [
      0,
      1,
      2,
      3,
      4,
      5,
      6
    ]
  },
  "map": 0.01584530808031559,
  "map_50": 0.04543578624725342,
  "map_75": 0.0059205335564911366,
  "map_large": 0.0009676807094365358,
  "map_medium": 0.02354130521416664,
  "map_small": 0.003983283415436745,
  "mar_1": 0.005792471580207348,
  "mar_10": 0.02390017919242382,
  "mar_100": 0.026492739096283913,
  "model": "ssd300_vgg16",
  "split": "test",
  "class_names_0indexed": [
    "fish",
    "jellyfish",
    "penguin",
    "puffin",
    "shark",
    "starfish",
    "stingray"
  ]
}