{
  "n_images_evaluated": 63,
  "score_threshold": 0.5,
  "fps_images_per_sec": 0.1468,
  "latency_ms_per_image_mean": 6810.6226,
  "trainable_parameters": 41107511,
  "micro_precision_iou50": 0.680464,
  "micro_recall_iou50": 0.706186,
  "micro_f1_iou50": 0.693086,
  "torchmetrics": {
    "map": 0.30555763840675354,
    "map_50": 0.6044608950614929,
    "map_75": 0.292044997215271,
    "map_small": 0.195773184299469,
    "map_medium": 0.27734509110450745,
    "map_large": 0.40221837162971497,
    "mar_1": 0.1298782229423523,
    "mar_10": 0.3290085792541504,
    "mar_100": 0.37197813391685486,
    "mar_small": 0.2436579465866089,
    "mar_medium": 0.3341693580150604,
    "mar_large": 0.4419441819190979,
    "map_per_class": [
      0.31413108110427856,
      0.42517226934432983,
      0.23534858226776123,
      0.1480543166399002,
      0.380911260843277,
      0.24930693209171295,
      0.3859790861606598
    ],
    "mar_100_per_class": [
      0.4313252866268158,
      0.49025973677635193,
      0.3256097435951233,
      0.2085714340209961,
      0.4444444477558136,
      0.26363635063171387,
      0.4399999976158142
    ],
    "classes": [
      0,
      1,
      2,
      3,
      4,
      5,
      6
    ]
  },
  "map": 0.30555763840675354,
  "map_50": 0.6044608950614929,
  "map_75": 0.292044997215271,
  "map_large": 0.40221837162971497,
  "map_medium": 0.27734509110450745,
  "map_small": 0.195773184299469,
  "mar_1": 0.1298782229423523,
  "mar_10": 0.3290085792541504,
  "mar_100": 0.37197813391685486,
  "model": "fasterrcnn_resnet50_fpn",
  "split": "test",
  "class_names_0indexed": [
    "fish",
    "jellyfish",
    "penguin",
    "puffin",
    "shark",
    "starfish",
    "stingray"
  ]
}